Cycle_ID,Maximum_Capacity,SOH
1,2081.65,99.12619047619047
2,2084.35,99.2547619047619
3,2084.7400000000002,99.27333333333334
4,2085.93,99.33
5,2086.5,99.35714285714286
