Cycle_ID,Discharge_Capacity,Charge_Capacity,Coulombic_Efficiency
2,2082.97,2084.35,99.93379230935304
3,2084.21,2084.7400000000002,99.97457716549785
4,2085.16,2085.93,99.96308600959763
